{
  "kenshirocharge": {
    "category": "player",
    "sounds": [
      "kenshirocharge"
    ]
  },
  "kenshiroheartbeat": {
    "category": "hostile",
    "sounds": [
      "kenshiroheartbeat"
    ]
  },
  "kenshiropunch": {
    "category": "hostile",
    "sounds": [
      "kenshiropunch"
    ]
  },
  "kenshiroshindeiru": {
    "category": "player",
    "sounds": [
      "kenshiroshindeiru"
    ]
  },
  "kenshirosmash": {
    "category": "hostile",
    "sounds": [
      "kenshirosmash"
    ]
  },
  "kenshirostyle": {
    "category": "player",
    "sounds": [
      "kenshirostyle"
    ]
  }
}
