{
  "babysealclubbing": {
    "category": "player",
    "sounds": [
      "babysealclubbing"
    ]
  },
  "BaseBallBatJingle": {
    "category": "player",
    "sounds": [
      "BaseBallBatJingle"
    ]
  },
  "bolt": {
    "category": "player",
    "sounds": [
      "bolt1",
	  "bolt2",
	  "bolt3",
	  "bolt4"
    ]
  },
  "boo": {
    "category": "player",
    "sounds": [
      "boo"
    ]
  },
  "boomheadshot": {
    "category": "player",
    "sounds": [
      "boomheadshot"
    ]
  },
  "chicken": {
    "category": "player",
    "sounds": [
      "chicken"
    ]
  },
  "cornholio": {
    "category": "player",
    "sounds": [
      "cornholio"
    ]
  },
  "corporatesupremacy": {
    "category": "player",
    "sounds": [
      "corporatesupremacy"
    ]
  },
  "crysomemore": {
    "category": "player",
    "sounds": [
      "crysomemore"
    ]
  },
  "denied": {
    "category": "player",
    "sounds": [
      "denied"
    ]
  },
  "evillaugh": {
    "category": "player",
    "sounds": [
      "evillaugh"
    ]
  },
  "fart": {
    "category": "player",
    "sounds": [
      "fart1",
	  "fart2"
    ]
  },
  "FFF": {
    "category": "player",
    "sounds": [
      "FFF"
    ]
  },
  "foryou": {
    "category": "player",
    "sounds": [
      "foryou1",
	  "foryou2",
	  "foryou3",
	  "foryou4"
    ]
  },
  "gong": {
    "category": "player",
    "sounds": [
      "gong"
    ]
  },
  "grabanimalorder": {
    "category": "player",
    "sounds": [
      "grabanimalorder"
    ]
  },
  "graveyard": {
    "category": "player",
    "sounds": [
      "graveyard"
    ]
  },
  "haha": {
    "category": "player",
    "sounds": [
      "haha"
    ]
  },
  "keyboardcat": {
    "category": "player",
    "sounds": [
      "keyboardcat"
    ]
  },
  "laughter2": {
    "category": "player",
    "sounds": [
      "laughter2"
    ]
  },
  "leeroy": {
    "category": "player",
    "sounds": [
      "leeroy"
    ]
  },
  "march": {
    "category": "player",
    "sounds": [
      "march"
    ]
  },
  "minionspawn": {
    "category": "player",
    "sounds": [
      "minionspawn"
    ]
  },
  "minionsqueak": {
    "category": "player",
    "sounds": [
      "minionsqueak"
    ]
  },
  "nooo": {
    "category": "player",
    "sounds": [
      "nooo"
    ]
  },
  "ohyeah": {
    "category": "player",
    "sounds": [
      "ohyeah"
    ]
  },
  "orderfollowplayer": {
    "category": "player",
    "sounds": [
      "orderfollowplayer"
    ]
  },
  "ordermineshaft": {
    "category": "player",
    "sounds": [
      "ordermineshaft1",
	  "ordermineshaft2",
	  "ordermineshaft3"
    ]
  },
  "ordertreecutting": {
    "category": "player",
    "sounds": [
      "ordertreecutting1",
	  "ordertreecutting2",
	  "ordertreecutting3",
	  "ordertreecutting4"
    ]
  },
  "pfft": {
    "category": "player",
    "sounds": [
      "pfft"
    ]
  },
  "radios": {
    "category": "player",
    "sounds": [
      "radios"
    ]
  },
  "randomorder": {
    "category": "player",
    "sounds": [
      "randomorder1",
	  "randomorder2",
	  "randomorder3",
	  "randomorder4",
	  "randomorder5"
    ]
  },
  "republicans": {
    "category": "player",
    "sounds": [
      "republicans"
    ]
  },
  "romance": {
    "category": "player",
    "sounds": [
      "romance"
    ]
  },
  "spawnsatanistcult": {
    "category": "player",
    "sounds": [
      "spawnsatanistcult"
    ]
  },
  "superstarme": {
    "category": "player",
    "sounds": [
      "superstarme"
    ]
  },
  "teabagnuns": {
    "category": "player",
    "sounds": [
      "teabagnuns"
    ]
  },
  "thegodsarepleaseedwithyoursacrifice": {
    "category": "player",
    "sounds": [
      "thegodsarepleaseedwithyoursacrifice"
    ]
  },
  "thegodshaverewardedyouroffering": {
    "category": "hostile",
    "sounds": [
	  "thegodshaverewardedyouroffering"
    ]
  }
}
