{
  "hookshotfire": {
    "category": "player",
    "sounds": [
      "hookshotfire"
    ]
  },
  "hookshotpull": {
    "category": "player",
    "sounds": [
      "hookshotpull"
    ]
  },
  "jungleking": {
    "category": "player",
    "sounds": [
      "jungleking"
    ]
  },
  "ropetension": {
    "category": "player",
    "sounds": [
      "ropetension0",
	  "ropetension1",
	  "ropetension2",
	  "ropetension3"
    ]
  },
  "zipline": {
    "category": "player",
    "sounds": [
      "zipline"
    ]
  }
}
