{
  "golem": {
    "category": "hostile",
    "sounds": [
      "golem"
    ]
  },
  "golemawaken": {
    "category": "hostile",
    "sounds": [
      "golemawaken"
    ]
  },
  "golemcharge": {
    "category": "hostile",
    "sounds": [
      "golemcharge1",
	  "golemcharge2"
    ]
  },
  "golemdeath": {
    "category": "hostile",
    "sounds": [
      "golemdeath"
    ]
  },
  "golemhurt": {
    "category": "hostile",
    "sounds": [
      "golemhurt1",
	  "golemhurt2"
    ]
  },
  "golemspecial": {
    "category": "hostile",
    "sounds": [
      "golemspecial1",
	  "golemspecial2"
    ]
  },
  "towerbreakstart": {
    "category": "hostile",
    "sounds": [
	  "towerbreakstart"
    ]
  },
  "towercrumble": {
    "category": "hostile",
    "sounds": [
	  "towercrumble"
    ]
  }
}
